Player,PassesCompleted,PassesAttempted
Rodrigo Abajas,17.0,29.0
James Abankwah,12.0,14.0
Keyliane Abdallah,2.0,2.0
Yunis Abdelhamid,253.0,290.0
Himad Abdelli,502.0,624.0
Mohamed Abdelmoneim,204.0,231.0
Ali Abdi,202.0,280.0
Abel,272.0,392.0
Nabil Aberdin,36.0,61.0
Oliver Abildgaard,1.0,1.0
Matthis Abline,91.0,137.0
Abner,282.0,349.0
Zakaria Aboukhlal,99.0,164.0
Abdel Abqar,240.0,331.0
Tammy Abraham,1.0,3.0
Tammy Abraham,42.0,60.0
Federico Accornero,4.0,6.0
Francesco Acerbi,533.0,563.0
Akor Adams,78.0,129.0
Che Adams,113.0,161.0
Tyler Adams,38.0,48.0
Junior Adamu,107.0,169.0
Tosin Adarabioyo,138.0,151.0
Martin Adeline,8.0,10.0
Karim Adeyemi,60.0,82.0
Simon Adingra,57.0,83.0
Amine Adli,92.0,120.0
Yacine Adli,254.0,314.0
Adryelson,1.0,3.0
Vasilije Adžić,9.0,10.0
Michel Aebischer,170.0,196.0
Oladapo Afolayan,95.0,136.0
Emmanuel Agbadou,629.0,710.0
Asher Agbinone,2.0,3.0
Julen Agirrezabala,193.0,268.0
Lucien Agoume,327.0,411.0
Felix Agu,306.0,378.0
Álvaro Aguado,115.0,151.0
Nayef Aguerd,543.0,603.0
Ruben Aguilar,165.0,205.0
Honest Ahanor,12.0,17.0
Jean-Eudes Aholou,265.0,308.0
Joseph Aidoo,6.0,7.0
Ayman Aiki,10.0,17.0
Ola Aina,372.0,497.0
Rayan Aït-Nouri,378.0,459.0
Kristoffer Ajer,236.0,300.0
Ludovic Ajorque,148.0,208.0
Manuel Akanji,698.0,740.0
Ümit Akdag,91.0,118.0
Nathan Aké,80.0,83.0
Ilias Akhomach,136.0,185.0
Sergio Akieme,231.0,303.0
Maghnes Akliouche,291.0,364.0
Clément Akpa,281.0,365.0
David Akpan Ankeye,6.0,7.0
Kevin Akpoguma,429.0,483.0
Andreas Albers,6.0,18.0
Raúl Albiol,407.0,460.0
Carlos Alcaraz,13.0,13.0
Omar Alderete,317.0,472.0
Carles Aleñá,65.0,82.0
Trent Alexander-Arnold,429.0,614.0
Alfon,45.0,59.0
Mohamed Ali Cho,116.0,173.0
Faride Alidou,16.0,20.0
Alisson,180.0,216.0
Tadeo Allende,1.0,3.0
Jim Allevinah,107.0,146.0
Domingos André Ribeiro Almeida,190.0,230.0
Iker Almena,23.0,32.0
Miguel Almirón,30.0,39.0
Pontus Almqvist,92.0,121.0
Marcos Alonso,533.0,610.0
Giorgio Altare,155.0,198.0
Adrià Altimira,148.0,185.0
Sergi Altimira,369.0,417.0
Edson Álvarez,197.0,231.0
Hugo Álvarez,480.0,597.0
Julián Álvarez,199.0,259.0
Yeray Álvarez,304.0,360.0
Skelly Alvero,21.0,30.0
Selim Amallah,136.0,181.0
Amath,50.0,68.0
Jordan Amavi,331.0,440.0
Aurele Amenda,41.0,47.0
Kelvin Amian,249.0,298.0
Michael Amir Murillo,443.0,514.0
Nadiem Amiri,391.0,507.0
Samuel Amo-Ameyaw,5.0,5.0
Mathis Amougou,148.0,187.0
Mohamed Amoura,111.0,162.0
Sofyan Amrabat,112.0,133.0
Joachim Andersen,61.0,83.0
Joachim Andersen,408.0,491.0
Elliot Anderson,251.0,316.0
André,155.0,164.0
Benjamin André,479.0,577.0
Marcos André,33.0,48.0
Robert Andrich,407.0,449.0
Angeliño,682.0,821.0
Lorenzo Anghelè,4.0,4.0
Faustino Anjorin,138.0,173.0
Waldemar Anton,690.0,751.0
Michail Antonio,91.0,146.0
Antoniu,6.0,16.0
Antony,5.0,9.0
Anuar,40.0,58.0
Dennis Appiah,258.0,355.0
Aritz Arambarri,49.0,67.0
Mauro Arambarri,171.0,256.0
Jon Aramburu,400.0,511.0
Julian Araujo,131.0,166.0
Cameron Archer,68.0,82.0
Carlens Arcus,267.0,344.0
Alphonse Areola,211.0,289.0
Adu Ares,5.0,9.0
Jesús Areso,354.0,517.0
David Argüelles,3.0,5.0
Joe Aribo,259.0,298.0
Adam Armstrong,107.0,131.0
Harrison Armstrong,1.0,4.0
José Arnaiz,8.0,14.0
Hákon Arnar Haraldsson,132.0,158.0
Marko Arnautović,10.0,17.0
Maximilian Arnold,247.0,328.0
Jann-Fiete Arp,32.0,60.0
Kepa Arrizabalaga,148.0,192.0
Arthur,4.0,4.0
Takuma Asano,44.0,73.0
Raúl Asencio,44.0,47.0
Marco Asensio,249.0,283.0
Kristjan Asllani,147.0,165.0
Iago Aspas,298.0,399.0
Yaser Asprilla,145.0,195.0
Lorenz Assignon,225.0,288.0
Dehmaine Assoumani,26.0,29.0
Valentin Atangana Edoa,367.0,412.0
Arthur Atta,15.0,20.0
Noah Atubolu,296.0,387.0
Emil Audero,182.0,225.0
Tommaso Augello,334.0,462.0
Carlos Augusto,110.0,122.0
Yann Aurel Bisseck,303.0,328.0
Ezequiel Ávila,103.0,144.0
Taiwo Awoniyi,20.0,28.0
Yasin Ayari,165.0,217.0
Florian Ayé,49.0,63.0
André Ayew,51.0,70.0
Jordan Ayew,8.0,10.0
Jordan Ayew,106.0,137.0
Neil El Aynaoui,53.0,66.0
Ayman Azhil,3.0,4.0
Adam Aznou,11.0,13.0
César Azpilicueta,264.0,302.0
Paulo Azzi,126.0,180.0
Papa Ba,5.0,13.0
Shavy Babicka,71.0,102.0
Aliou Badara Baldé,11.0,20.0
Loïc Bade,447.0,529.0
Milan Badelj,275.0,347.0
Benoît Badiashile,42.0,43.0
Alex Baena,273.0,405.0
Leon Bailey,117.0,166.0
Eric Bailly,236.0,265.0
Theo Bair,54.0,81.0
Cédric Bakambu,23.0,42.0
Mitchel Bakker,7.0,9.0
Mitchel Bakker,116.0,140.0
Ridle Baku,232.0,310.0
Dilane Bakwa,283.0,383.0
Tommaso Baldanzi,135.0,165.0
Alejandro Balde,455.0,527.0
Carlos Baleba,270.0,303.0
Leonardo Balerdi,627.0,666.0
Iván Balliu,208.0,280.0
Botond Balogh,421.0,465.0
Folarin Balogun,60.0,86.0
Mario Balotelli,1.0,4.0
Abdoulaye Bamba,64.0,79.0
Jonathan Bamba,212.0,265.0
Mohamed Bamba,1.0,2.0
Samuel Bamba,6.0,9.0
Lameck Banda,98.0,125.0
Daniel Bandeira,142.0,173.0
Mattia Bani,132.0,151.0
Scott Banks,8.0,13.0
Antonín Barák,17.0,20.0
Federico Barba,144.0,161.0
Valentín Barco,137.0,186.0
Bradley Barcola,244.0,294.0
Melvin Bard,176.0,241.0
Nicolò Barella,446.0,544.0
Gabriel Bares,20.0,23.0
Ross Barkley,156.0,178.0
Aymen Barkok,26.0,37.0
Harvey Barnes,130.0,163.0
Enzo Barrenechea,128.0,161.0
Ander Barrenetxea,130.0,181.0
Pablo Barrios,332.0,384.0
Thierno Barry,54.0,101.0
Davide Bartesaghi,3.0,3.0
Marc Bartra,229.0,285.0
Federico Baschirotto,456.0,514.0
Daniele Baselli,24.0,27.0
Calvin Bassey,615.0,688.0
Aboubacar Bassinga,2.0,4.0
Alessandro Bastoni,675.0,760.0
Augusto Batalla,166.0,261.0
Dylan Batubinsika,408.0,459.0
Maximilian Bauer,155.0,198.0
Oliver Baumann,278.0,377.0
Christoph Baumgartner,98.0,149.0
Rafael Bauza,14.0,17.0
Adrian Beck,108.0,140.0
Sheraldo Becker,112.0,184.0
Timo Becker,277.0,355.0
Jan Bednarek,888.0,948.0
Donny van de Beek,141.0,175.0
Kevin Behrens,18.0,34.0
Maximilian Beier,72.0,107.0
Reda Belahyane,356.0,419.0
Haris Belkebla,199.0,232.0
Yassin Belkhdim,131.0,155.0
Stefan Bell,148.0,185.0
Raoul Bellanova,31.0,43.0
Raoul Bellanova,231.0,300.0
Jean-Ricner Bellegarde,102.0,128.0
Héctor Bellerín,248.0,304.0
Jude Bellingham,397.0,445.0
Jeanuël Belocian,28.0,33.0
Andrea Belotti,48.0,64.0
Fran Beltrán,417.0,462.0
Lucas Beltrán,159.0,187.0
Eliesse Ben Seghir,277.0,360.0
Carlos Benavídez,75.0,101.0
Adrian Benedyczak,6.0,9.0
László Bénes,53.0,79.0
Iker Benito,9.0,13.0
Ismaël Bennacer,43.0,47.0
Saïd Benrahma,157.0,217.0
Ramy Bensebaini,288.0,337.0
Rodrigo Bentancur,356.0,392.0
Lucas Beraldo,629.0,680.0
Yuri Berchiche,422.0,502.0
Álex Berenguer,192.0,286.0
Sander Berge,275.0,305.0
Lucas Bergvall,50.0,59.0
Medon Berisha,42.0,53.0
Mergim Berisha,30.0,41.0
Adrian Bernabe,508.0,608.0
Marc Bernal,148.0,160.0
Juan Bernat,19.0,23.0
Alexander Bernhardsson,28.0,45.0
Victor Bernth Kristiansen,382.0,493.0
Matúš Bero,185.0,257.0
Juan Berrocal,116.0,157.0
Dimitry Bertaud,63.0,92.0
Beto,4.0,13.0
Sam Beukema,630.0,712.0
Alessandro Bianco,277.0,323.0
Alessandro Bianco,9.0,12.0
Jaka Bijol,449.0,542.0
El Bilal Touré,58.0,77.0
Philip Billing,6.0,13.0
Cristiano Biraghi,259.0,309.0
Samuele Birindelli,72.0,93.0
Tom Bischof,274.0,353.0
Yves Bissouma,256.0,280.0
Leonardo Bittencourt,209.0,243.0
Emmanuel Biumla,235.0,271.0
Marco Bizot,263.0,400.0
Antonio Blanco,263.0,337.0
Ludovic Blas,306.0,415.0
Daley Blind,773.0,868.0
Myron Boadu,36.0,49.0
Augustine Boakye,77.0,93.0
Sacha Boey,76.0,87.0
Jeremie Boga,143.0,178.0
Lamare Bogarde,86.0,99.0
Emil Bohinen,69.0,86.0
Adama Boiro,115.0,144.0
Willy Boly,43.0,54.0
Moïse Bombito,435.0,474.0
Warren Bondo,298.0,329.0
Victor Boniface,92.0,127.0
Ange-Yoan Bonny,139.0,190.0
Sebastiaan Bornauw,173.0,220.0
Saïmon Bouabré,4.0,7.0
Ayyoub Bouaddi,140.0,155.0
Badredine Bouanani,87.0,116.0
Benjamin Bouchouari,142.0,162.0
Hicham Boudaoui,253.0,303.0
Carlo Boukhalfa,90.0,144.0
Benjamin Bourigeaud,36.0,48.0
Edoardo Bove,258.0,308.0
Jarrod Bowen,183.0,275.0
Enzo Boyomo,294.0,350.0
Enzo Boyomo,174.0,190.0
Domagoj Bradarić,170.0,207.0
Conor Bradley,122.0,139.0
Bilal Brahimi,35.0,40.0
Julian Brandt,355.0,442.0
Jarrad Branthwaite,66.0,84.0
Darko Brašanac,195.0,252.0
Lilian Brassier,445.0,519.0
Matthias Braunöder,117.0,134.0
Iker Bravo,50.0,62.0
James Bree,8.0,10.0
Tim Breithaupt,58.0,67.0
Gleison Bremer,468.0,504.0
Brenner,82.0,109.0
Ben Brereton,119.0,152.0
Marco Brescianini,106.0,133.0
Maximilian Breunig,38.0,70.0
David Brooks,13.0,19.0
Moritz Broschinski,65.0,100.0
Nathaniel Brown,66.0,85.0
Jacob Bruun Larsen,34.0,46.0
Ante Budimir,91.0,153.0
Emi Buendía,19.0,21.0
Santiago Bueno,177.0,208.0
Marius Bülter,117.0,168.0
Facundo Buonanotte,229.0,293.0
Alessandro Buongiorno,527.0,589.0
Cameron Burgess,154.0,200.0
Jonathan Burkardt,127.0,172.0
Oliver Burke,12.0,17.0
Dan Burn,539.0,601.0
Wes Burns,74.0,109.0
Marnon Busch,153.0,204.0
Gianluca Busio,215.0,288.0
Aurélio Buta,270.0,317.0
Marcin Bułka,298.0,373.0
Pau Cabanes,9.0,10.0
Rémy Cabella,181.0,214.0
Leandro Cabrera,254.0,358.0
Liberato Cacace,72.0,101.0
Anthony Caci,345.0,472.0
Mathieu Cafaro,128.0,176.0
Moisés Caicedo,519.0,591.0
Tom Cairney,124.0,134.0
Jens Cajuste,69.0,92.0
Davide Calabria,103.0,112.0
Riccardo Calafiori,174.0,209.0
Luca Caldirola,181.0,207.0
Fernando Calero,85.0,101.0
Duje Ćaleta-Car,470.0,527.0
Hakan Çalhanoğlu,503.0,562.0
Dominic Calvert-Lewin,90.0,153.0
Drissa Camara,18.0,29.0
Issiaga Camara,4.0,4.0
Lamine Camara,411.0,486.0
Mahdi Camara,257.0,301.0
Francesco Camarda,18.0,21.0
Eduardo Camavinga,164.0,190.0
Nicolò Cambiaghi,12.0,17.0
Andrea Cambiaso,678.0,762.0
Axel Camblan,3.0,7.0
Sergio Camello,130.0,164.0
José Campaña,302.0,337.0
Cole Campbell,8.0,10.0
Emre Can,405.0,456.0
Peio Canales,9.0,11.0
Matteo Cancellieri,54.0,94.0
Antonio Candela,237.0,311.0
Sergi Canós,47.0,85.0
Jaydee Canvot,5.0,6.0
Pierrick Capelle,89.0,116.0
Gianluca Caprari,130.0,166.0
Elia Caprile,81.0,98.0
Francesco Caputo,2.0,2.0
Maxence Caqueret,271.0,338.0
Andrea Carboni,315.0,363.0
Franco Carboni,8.0,11.0
Valentin Carboni,57.0,64.0
Cárdenas,57.0,103.0
Irvin Cardona,54.0,86.0
Marc Cardona,21.0,24.0
Sergi Cardona,380.0,499.0
Johnny Cardoso,230.0,275.0
Diego Carlos,274.0,311.0
Carmona,620.0,759.0
Marco Carnesecchi,245.0,339.0
Sergio Carreira,97.0,113.0
Dani Carvajal,399.0,463.0
Fabio Carvalho,69.0,104.0
William Carvalho,151.0,183.0
Marc Casado,563.0,626.0
Nicolò Casale,125.0,145.0
Nicolò Casale,100.0,110.0
Casemiro,346.0,431.0
Matty Cash,185.0,226.0
Josué Casimir,108.0,147.0
Federico Cassa,5.0,6.0
Cristian Cásseres Jr.,299.0,377.0
Timothy Castagne,21.0,27.0
Valentín Castellanos,108.0,177.0
Jean-Charles Castelletto,433.0,478.0
Santiago Castro,116.0,149.0
Gaetano Castrovilli,56.0,64.0
Danilo Cataldi,259.0,294.0
Catena,331.0,431.0
Maximiliano Caufriez,11.0,14.0
Dani Ceballos,65.0,73.0
Zeki Çelik,426.0,525.0
Alberto Cerri,13.0,21.0
Franco Cervi,4.0,5.0
Julian Chabot,573.0,645.0
El Chadaille Bitshiabu,134.0,161.0
Fares Chaïbi,102.0,161.0
Trevoh Chalobah,132.0,172.0
Timothy Chandler,13.0,19.0
Conor Chaplin,77.0,105.0
Brendan Chardonnet,356.0,433.0
Gabriel Charpentier,29.0,46.0
Raúl Chasco,35.0,58.0
Anrie Chase,325.0,358.0
Pep Chavarría,232.0,303.0
Arthur Chaves,146.0,179.0
Jhoanner Chávez,221.0,296.0
Walid Cheddira,2.0,3.0
Walid Cheddira,34.0,50.0
Théo Chennahi,2.0,3.0
Sidiki Cherif,27.0,51.0
Rayan Cherki,167.0,225.0
Lucas Chevalier,262.0,357.0
Fabio Chiarodia,9.0,10.0
Julián Chicco,42.0,51.0
Leandro Chichizola,36.0,50.0
Federico Chiesa,7.0,8.0
Chiquinho,3.0,3.0
Chiquinho,21.0,31.0
Pedro Chirivella,478.0,575.0
Joris Chotard,143.0,163.0
Hamza Choudhury,0.0,3.0
Andreas Christensen,14.0,16.0
Ryan Christie,270.0,324.0
Samuel Chukwueze,144.0,192.0
Aaron Ciammaglichella,0.0,0.0
Jasper Cillessen,315.0,447.0
Alessandro Circati,149.0,170.0
Pathé Ciss,157.0,191.0
Alphadjo Cissè,5.0,6.0
Seydouba Cissé,395.0,463.0
Harry Clarke,42.0,53.0
Jack Clarke,78.0,108.0
Alexis Claude-Maurice,61.0,75.0
Jonathan Clauss,312.0,425.0
Silvi Clúa,67.0,87.0
Nathaniel Clyne,90.0,122.0
Conor Coady,1.0,2.0
Marcus Coco,211.0,258.0
Saúl Coco,484.0,548.0
Séamus Coleman,32.0,43.0
Nathan Collins,547.0,645.0
Nnamdi Collins,89.0,108.0
Toby Collyer,15.0,19.0
Lorenzo Colombo,99.0,151.0
Andrea Colpani,234.0,281.0
Levi Colwill,685.0,769.0
Kingsley Coman,237.0,282.0
Eray Cömert,277.0,335.0
Santi Comesaña,399.0,454.0
Pietro Comuzzo,470.0,530.0
Francisco Conceição,128.0,169.0
Diego Conde,265.0,333.0
Tomás Conechny,86.0,156.0
Sirlord Conteh,41.0,61.0
Lewis Cook,386.0,513.0
Copete,165.0,196.0
Diego Coppola,337.0,407.0
Derek Cornelius,457.0,487.0
Maxwel Cornet,17.0,22.0
Pierre Cornud,90.0,106.0
Ángel Correa,83.0,115.0
Joaquín Correa,10.0,13.0
Thierry Correia,330.0,441.0
Danny da Costa,85.0,105.0
David Costa,86.0,95.0
Logan Costa,388.0,443.0
Logan Costa,47.0,56.0
Samu Costa,489.0,589.0
Vladimír Coufal,82.0,114.0
Lassana Coulibaly,174.0,197.0
Lasso Coulibaly,9.0,10.0
Soumaïla Coulibaly,189.0,215.0
Tanguy Coulibaly,86.0,117.0
Woyo Coulibaly,402.0,456.0
Thibaut Courtois,269.0,311.0
Yan Couto,167.0,215.0
Nicolas Cozza,174.0,227.0
Aaron Cresswell,24.0,34.0
Charlie Cresswell,383.0,473.0
Bryan Cristante,496.0,595.0
Domen Črnigoj,15.0,32.0
Juan Cruz Armada,120.0,158.0
Juan Cruz,181.0,288.0
Juan Cuadrado,76.0,94.0
Pau Cubarsí,931.0,992.0
Marc Cucurella,392.0,441.0
Jorge Cuenca,1.0,2.0
Matheus Cunha,224.0,313.0
Patrick Cutrone,151.0,206.0
Tomáš Čvančara,45.0,60.0
Wylan Cyprien,14.0,21.0
Danilo D'Ambrosio,92.0,109.0
Lucas Da Cunha,190.0,247.0
Samuel Dahl,19.0,21.0
Mahmoud Dahoud,108.0,130.0
Ameen Al-Dakhil,1.0,1.0
Thijs Dallinga,44.0,56.0
Diogo Dalot,508.0,603.0
Mikkel Damsgaard,274.0,380.0
Flavius Daniliuc,152.0,187.0
Danilo,3.0,3.0
Danilo,281.0,300.0
Arnaut Danjuma,23.0,30.0
Arnaut Danjuma,133.0,177.0
Kévin Danois,245.0,310.0
Kevin Danso,323.0,373.0
Dante,434.0,498.0
Pape Daouda Diongue,27.0,36.0
Mohammed Daramy,4.0,4.0
Bence Dárdai,61.0,77.0
Sergi Darder,297.0,403.0
Matteo Darmian,325.0,400.0
Lukas Daschner,77.0,114.0
Juan David Cabal,307.0,350.0
Jonathan David,189.0,235.0
Alphonso Davies,519.0,576.0
Ben Davies,13.0,13.0
Keinan Davis,113.0,146.0
Leif Davis,337.0,462.0
Zuriko Davitashvili,240.0,311.0
Paweł Dawidowicz,183.0,212.0
Craig Dawson,361.0,415.0
Kevin De Bruyne,273.0,343.0
Charles De Ketelaere,297.0,379.0
Rodrigo De Paul,337.0,423.0
Mattia De Sciglio,48.0,61.0
Lorenzo De Silvestri,155.0,184.0
Thibault De Smet,3.0,3.0
Koni De Winter,285.0,335.0
Alessandro Deiola,136.0,187.0
Romain Del Castillo,242.0,346.0
Enrico Del Prato,434.0,504.0
Liam Delap,50.0,82.0
Fisayo Dele-Bashiru,72.0,78.0
Olivier Deman,20.0,30.0
Ali Dembélé,24.0,32.0
Ousmane Dembélé,333.0,419.0
Ermedin Demirović,90.0,128.0
Sepp van den Berg,301.0,370.0
Arthur Desmas,242.0,312.0
Justin Devenny,20.0,26.0
Kiernan Dewsbury-Hall,29.0,37.0
Michele Di Gregorio,221.0,267.0
Giovanni Di Lorenzo,545.0,669.0
Boulaye Dia,151.0,181.0
Mamadou Diakhon,40.0,48.0
Bafodé Diakité,738.0,796.0
Oumar Diakité,137.0,163.0
Amad Diallo,208.0,256.0
Assane Diao,32.0,43.0
Habib Diarra,289.0,346.0
Moussa Diarra,203.0,242.0
Rúben Dias,739.0,788.0
Krépin Diatta,91.0,131.0
Kandet Diawara,1.0,2.0
Mahamadou Diawara,6.0,7.0
Brahim Díaz,108.0,129.0
Luis Díaz,210.0,246.0
Pedro Díaz,26.0,35.0
Tyler Dibling,156.0,196.0
Diego,25.0,40.0
Justin Diehl,23.0,35.0
Bamba Dieng,37.0,45.0
Eric Dier,57.0,58.0
Lucas Digne,355.0,463.0
Federico Dimarco,424.0,560.0
Junior Dina Ebimbe,68.0,107.0
Eren Dinkçi,173.0,227.0
Sinaly Diomande,226.0,285.0
Lois Diony,1.0,4.0
Issa Diop,210.0,244.0
Sofiane Diop,73.0,89.0
Andy Diouf,300.0,404.0
Yehvann Diouf,283.0,396.0
Assane Dioussé,32.0,34.0
Axel Disasi,64.0,74.0
Roman Dixon,11.0,19.0
Álvaro djaló,44.0,65.0
Djené,263.0,354.0
Berat Djimsiti,510.0,584.0
Marko Dmitrović,119.0,244.0
Ritsu Doan,238.0,342.0
Dodô,511.0,652.0
Danilho Doekhi,250.0,334.0
Matt Doherty,74.0,105.0
Jeremy Doku,174.0,219.0
Marc Domenech,15.0,22.0
Benjamín Domínguez,10.0,17.0
Carlos Dominguez,261.0,297.0
Israel Domínguez,2.0,2.0
Nicolás Domínguez,241.0,286.0
Sergi Dominguez,171.0,180.0
Gianluigi Donnarumma,199.0,230.0
Patrick Dorgu,267.0,348.0
Niklas Dorsch,22.0,26.0
Niklas Dorsch,164.0,189.0
Alberto Dossena,502.0,571.0
Abdoulaye Doucouré,219.0,266.0
Cheick Doucouré,61.0,66.0
Désiré Doué,163.0,190.0
Guela Doué,560.0,673.0
Douglas,360.0,414.0
Ismaël Doukouré,376.0,441.0
Issa Doumbia,43.0,56.0
Kamory Doumbia,145.0,176.0
Anastasios Douvikas,59.0,83.0
Artem Dovbyk,131.0,170.0
Flynn Downes,518.0,562.0
Tommy Doyle,157.0,187.0
Radu Drăgușin,174.0,200.0
Patrick Drewes,268.0,408.0
Tim Drexler,153.0,180.0
Domingos Duarte,51.0,60.0
Marvin Ducksch,197.0,309.0
Ondrej Duda,313.0,406.0
Denzel Dumfries,156.0,206.0
Alfred Duncan,285.0,352.0
Lewis Dunk,587.0,645.0
Jhon Durán,51.0,75.0
Pablo Durán,37.0,50.0
Julien Duranville,3.0,7.0
Hugo Duro,94.0,131.0
Jean-Kevin Duverne,186.0,232.0
Paulo Dybala,249.0,305.0
Stefan Džodić,105.0,113.0
Adam Dźwigała,52.0,75.0
Aron Dønnum,241.0,322.0
Enzo Ebosse,19.0,25.0
Ederson,351.0,405.0
Éderson,575.0,655.0
George Edmundson,1.0,2.0
Odsonne Édouard,17.0,28.0
Odsonne Édouard,6.0,8.0
Samuel Edozie,25.0,33.0
Johannes Eggestein,168.0,233.0
Maximilian Eggestein,320.0,391.0
Kingsley Ehizibue,281.0,384.0
Chidera Ejuke,211.0,265.0
Jeff Ekhator,43.0,63.0
Hugo Ekitike,135.0,177.0
Jurgen Ekkelenkamp,106.0,128.0
Jacques Ekomie,65.0,98.0
Emmanuel Ekong,15.0,23.0
Caleb Ekuban,20.0,25.0
Pierre Ekwah Elimby,321.0,369.0
Anthony Elanga,133.0,215.0
Mikael Ellertsson,127.0,173.0
Harvey Elliott,12.0,14.0
Elif Elmas,13.0,16.0
Aritz Elustondo,164.0,194.0
Nico Elvedi,368.0,407.0
Adri Embarba,146.0,250.0
Breel Embolo,89.0,117.0
Emanuel Emegha,71.0,92.0
Emerson,388.0,448.0
Yunus Emre Konak,12.0,16.0
Julio Enciso,39.0,58.0
Wataru Endo,17.0,18.0
Endrick,18.0,23.0
Yannik Engelhardt,155.0,171.0
Arne Engels,19.0,27.0
Christian Eriksen,253.0,303.0
Martin Erlic,150.0,163.0
Patrick Erras,344.0,375.0
Alfonso Espino,71.0,121.0
Sebastiano Esposito,102.0,163.0
Samuel Essende,59.0,85.0
Dario Essugo,347.0,400.0
Nahuel Estévez,76.0,105.0
Pervis Estupiñán,306.0,370.0
Evanilson,64.0,98.0
Jonny Evans,127.0,144.0
Eberechi Eze,283.0,375.0
Abde Ezzalzouli,269.0,378.0
Giovanni Fabbian,52.0,70.0
Łukasz Fabiański,67.0,100.0
Alieu Fadera,179.0,233.0
Wout Faes,475.0,547.0
Nicolò Fagioli,313.0,355.0
Romain Faivre,119.0,143.0
Wladimiro Falcone,228.0,365.0
Davide Faraoni,15.0,24.0
Abdul Fatawu Issahaku,123.0,197.0
Ansu Fati,52.0,61.0
Khalil Fayad,121.0,141.0
Jacopo Fazzini,102.0,137.0
Peter Federico,35.0,54.0
Nabil Fekir,67.0,82.0
Mattia Felici,15.0,21.0
João Félix,59.0,72.0
Kiko Femenía,637.0,713.0
Evan Ferguson,15.0,23.0
Lewis Ferguson,10.0,13.0
Zinedine Ferhat,74.0,113.0
Bruno Fernandes,450.0,603.0
Edimilson Fernandes,61.0,78.0
Mateus Fernandes,281.0,347.0
Álvaro Fernández,68.0,116.0
Enzo Fernández,309.0,385.0
Valery Fernández,29.0,35.0
Matias Fernandez-Pardo,42.0,58.0
Jordan Ferri,363.0,409.0
Karol Fila,2.0,4.0
Kilian Fischer,231.0,322.0
Mark Flekken,438.0,569.0
Mateo Flores,7.0,8.0
Phil Foden,248.0,297.0
Malick Fofana,181.0,243.0
Wesley Fofana,513.0,577.0
Yahia Fofana,221.0,328.0
Youssouf Fofana,454.0,514.0
Jonas Föhrenbach,310.0,441.0
Michael Folorunsho,6.0,9.0
Lamine Fomba,31.0,39.0
Carlos Forbs,40.0,63.0
Pablo Fornals,388.0,507.0
Omari Forson,13.0,16.0
Héctor Fort,153.0,168.0
Dimitri Foulquier,176.0,250.0
Alejandro Francés,362.0,423.0
Przemysław Frankowski,364.0,461.0
Enric Franquesa,158.0,225.0
Ryan Fraser,27.0,37.0
Davide Frattesi,149.0,173.0
Morten Frendrup,286.0,339.0
Martin Frese,115.0,169.0
Remo Freuler,622.0,690.0
Marco Friedl,465.0,510.0
Marvin Friedrich,224.0,262.0
Jeremie Frimpong,212.0,269.0
Jorge de Frutos,186.0,257.0
Chris Führich,149.0,186.0
Angelo Fulgini,160.0,213.0
Niclas Füllkrug,13.0,14.0
Manuel Fuster,120.0,156.0
Matteo Gabbia,213.0,242.0
Alessandro Gabrielloni,19.0,29.0
Gianluca Gaetano,70.0,102.0
Roberto Gagliardini,50.0,54.0
Cody Gakpo,124.0,162.0
Javi Galán,145.0,178.0
Iñigo Ruiz de Galarreta,263.0,311.0
Conor Gallagher,229.0,277.0
Antonino Gallo,335.0,487.0
Gauthier Gallon,14.0,17.0
Cristian Gamboa,43.0,68.0
Idrissa Gana Gueye,283.0,333.0
Ignatius Ganago,34.0,44.0
Aleix García,245.0,281.0
Álvaro García,160.0,249.0
Eric García,264.0,291.0
Fran Garcia,284.0,310.0
Joan García,275.0,388.0
Rubén García,229.0,321.0
Ulisses Garcia,137.0,168.0
Alejandro Garnacho,190.0,247.0
James Garner,68.0,102.0
Yarek Gasiorowski,114.0,144.0
Federico Gatti,562.0,587.0
Gavi,27.0,32.0
Paulo Gazzaniga,367.0,449.0
Jean-Philippe Gbamin,79.0,99.0
Yann Gboho,154.0,236.0
David de Gea,220.0,286.0
Lutsharel Geertruida,332.0,386.0
Dennis Geiger,53.0,67.0
Valentin Gendrey,42.0,55.0
Valentin Gendrey,134.0,205.0
Denis Genreau,25.0,33.0
Yannick Gerhardt,73.0,112.0
Max Geschwill,223.0,295.0
Daniele Ghilardi,151.0,177.0
Lautaro Gianetti,185.0,228.0
Dimitris Giannoulis,335.0,449.0
Morgan Gibbs-White,205.0,272.0
Samuel Gigot,21.0,22.0
Armin Gigovic,146.0,194.0
Bryan Gil,248.0,295.0
Mario Gila,472.0,518.0
Billy Gilmour,58.0,67.0
Billy Gilmour,247.0,277.0
Benedikt Gimber,372.0,461.0
Gvidas Gineitis,69.0,100.0
Matthias Ginter,328.0,395.0
Jamie Gittens,127.0,158.0
Serge Gnabry,227.0,278.0
Ben Godfrey,8.0,10.0
Saba Goglichidze,211.0,259.0
Edoardo Goldaniga,285.0,339.0
Pierluigi Gollini,206.0,250.0
Aleksandr Golovin,301.0,367.0
André Gomes,214.0,242.0
Angel Gomes,222.0,277.0
João Gomes,339.0,412.0
Rodrigo Gomes,17.0,32.0
Toti Gomes,332.0,404.0
Carlos Gómez,44.0,62.0
Dani Gómez,41.0,57.0
Joe Gomez,27.0,35.0
Moi Gómez,148.0,195.0
Sergi Gómez,232.0,260.0
Sergio Gómez,498.0,649.0
Unai Gómez,65.0,95.0
Fabio González,42.0,51.0
Nicolás González,59.0,79.0
Urko González,10.0,17.0
Anthony Gordon,230.0,320.0
Leon Goretzka,148.0,167.0
Andoni Gorosabel,144.0,174.0
Robin Gosens,399.0,510.0
Robin Gosens,23.0,42.0
Mario Götze,153.0,193.0
Amine Gouiri,164.0,215.0
Jeffrey Gouweleeuw,399.0,485.0
Kamil Grabara,252.0,409.0
Jonathan Gradit,371.0,453.0
José Gragera,190.0,217.0
Samuel Grandsir,8.0,14.0
Alberto Grassi,171.0,214.0
Ryan Gravenberch,587.0,662.0
Archie Gray,49.0,56.0
Jack Grealish,172.0,202.0
Jacob Greaves,277.0,312.0
Mason Greenwood,355.0,460.0
Michael Gregoritsch,21.0,30.0
Dominik Greif,204.0,286.0
Antoine Griezmann,399.0,558.0
Vincenzo Grifo,448.0,566.0
Florian Grillitsch,361.0,417.0
Álex Grimaldo,606.0,741.0
Pascal Groß,620.0,756.0
Brajan Gruda,17.0,22.0
Marco Grüll,72.0,90.0
Albert Grønbaek,111.0,178.0
Vicente Guaita,197.0,241.0
Sergi Guardiola,15.0,25.0
Nemanja Gudelj,413.0,489.0
Gabriel Gudmundsson,268.0,336.0
Gonçalo Guedes,28.0,42.0
Axel Gueguin,5.0,6.0
Marc Guéhi,513.0,603.0
Mattéo Guendouzi,543.0,612.0
Javier Guerra,135.0,189.0
Raphaël Guerreiro,485.0,554.0
Evann Guessand,140.0,188.0
Ander Guevara,275.0,358.0
Pape Gueye,250.0,321.0
Morgan Guilavogui,107.0,164.0
Frederic Guilbert,223.0,301.0
Luis Guilherme,2.0,4.0
Hugo Guillamón,120.0,152.0
Bruno Guimarães,450.0,549.0
Bahereba Guirassy,14.0,22.0
Serhou Guirassy,120.0,159.0
Marc Guiu,3.0,4.0
Péter Gulácsi,238.0,280.0
Arda Güler,133.0,157.0
Gerard Gumbau,111.0,162.0
İlkay Gündoğan,391.0,453.0
Christian Günter,381.0,492.0
Jon Guridi,208.0,260.0
Gorka Guruzeta,118.0,155.0
Malo Gusto,376.0,447.0
Miguel Gutiérrez,545.0,648.0
Albert Guðmundsson,54.0,71.0
Joško Gvardiol,774.0,834.0
Emmanuel Gyasi,289.0,380.0
Christian Gytkjær,25.0,46.0
Erling Haaland,71.0,110.0
Nicolas Haas,99.0,121.0
Janik Haberer,144.0,205.0
Robin Hack,162.0,216.0
Saad El Haddad,9.0,12.0
Munir El Haddadi,60.0,88.0
Amadou Haidara,340.0,425.0
Massadio Haïdara,121.0,154.0
Antoine Hainaut,135.0,178.0
Mohamed Haj,26.0,34.0
Achraf Hakimi,652.0,729.0
Lewis Hall,501.0,620.0
Sébastien Haller,51.0,86.0
Ali Al Hamadi,3.0,4.0
Andreas Hanche-Olsen,85.0,107.0
Florent Hanin,352.0,464.0
Ridgeciano Haps,194.0,246.0
Amine Harit,188.0,225.0
Marcus Harness,10.0,16.0
Phil Harres,16.0,30.0
Jack Harrison,119.0,177.0
Abdou Harroui,74.0,97.0
Taylor Harwood-Bellis,686.0,770.0
Hans Hateboer,247.0,322.0
Kai Havertz,190.0,253.0
Jan Paul van Hecke,588.0,639.0
Hwang Hee-chan,52.0,64.0
Dean Henderson,212.0,333.0
Liam Henderson,220.0,286.0
Ramon Hendriks,42.0,58.0
Benjamin Henrichs,211.0,278.0
Luis Henrique,276.0,343.0
Mads Hermansen,274.0,398.0
Mario Hermoso,105.0,112.0
Javi Hernández ,239.0,328.0
Aridane Hernández,53.0,58.0
Theo Hernández,380.0,432.0
Hernani,148.0,195.0
Jorge Herrando,132.0,176.0
Ander Herrera,175.0,193.0
Sergio Herrera,282.0,436.0
Yangel Herrera,382.0,459.0
Juan Herzog,224.0,248.0
Son Heung-min,264.0,319.0
Isak Hien,340.0,381.0
Omar El Hilali,395.0,506.0
Piero Hincapié,532.0,591.0
Jack Hinshelwood,410.0,495.0
George Hirst,22.0,41.0
Adam Hložek,90.0,133.0
Ki-Jana Hoever,238.0,346.0
Nicolas Höfler,125.0,145.0
Jonas Hofmann,99.0,115.0
Philipp Hofmann,132.0,211.0
Lucas Höler,40.0,54.0
Mason Holgate,2.0,2.0
Benedict Hollerbach,117.0,187.0
Emil Holm,61.0,86.0
Lewis Holtby,184.0,240.0
Gerrit Holtmann,35.0,52.0
Franck Honorat,155.0,228.0
Mathias Honsak,82.0,114.0
Dinko Horkaš,83.0,97.0
Cédric Hountondji,85.0,100.0
Ilyes Housni,27.0,41.0
Lukáš Hrádecký,202.0,252.0
Robin Hranáč,34.0,47.0
Callum Hudson-Odoi,253.0,307.0
Will Hughes,174.0,232.0
Dean Huijsen,128.0,153.0
Mats Hummels,13.0,13.0
Omari Hutchinson,211.0,279.0
Elseid Hysaj,14.0,16.0
Hong Hyunseok,67.0,86.0
Pierre Højbjerg,935.0,1004.0
Oscar Højlund,2.0,3.0
Rasmus Højlund,60.0,74.0
Pablo Ibáñez,88.0,133.0
Stanis Idumbo,12.0,15.0
Jay Idzes,519.0,604.0
Iglesias,239.0,439.0
Borja Iglesias,132.0,172.0
Igor,326.0,352.0
Kelechi Iheanacho,57.0,76.0
Jonathan Ikone,41.0,51.0
George Ilenikhena,41.0,63.0
Ivan Ilić,281.0,333.0
Samuel Iling-Junior,54.0,74.0
Danny Ings,14.0,27.0
Alessio Iovine,86.0,120.0
Tim Iroegbunam,70.0,99.0
Jackson Irvine,215.0,312.0
Andy Irving,28.0,28.0
Alexander Isak,119.0,161.0
Gustav Isaksen,153.0,206.0
Ismaily,42.0,49.0
Ardian Ismajli,334.0,399.0
Yanis Issoufou,8.0,15.0
Ko Itakura,575.0,649.0
Junya Ito,269.0,423.0
Marko Ivezić,225.0,262.0
Alex Iwobi,373.0,487.0
Armando Izzo,521.0,591.0
Nicolas Jackson,117.0,158.0
Lee Jae-sung,213.0,276.0
Kristijan Jakić,231.0,287.0
Karl Jakob Hein,373.0,497.0
Ismail Jakobs,85.0,105.0
Jordan James,8.0,10.0
Reece James,183.0,221.0
Vitaly Janelt,349.0,418.0
Adnan Januzaj,103.0,142.0
Vitezslav Jaros,6.0,8.0
Ali Jasim,7.0,9.0
Mikel Jauregizar,270.0,332.0
Dominik Javorček,10.0,14.0
Gaby Jean,1.0,1.0
Daniel Jebbison,3.0,5.0
Fredrik Jensen,29.0,42.0
Mathias Jensen,130.0,179.0
Moritz Jenz,247.0,291.0
Gabriel Jesus,39.0,53.0
Juan Jesus,62.0,73.0
Raúl Jiménez,110.0,154.0
João Pedro,85.0,115.0
John Joe,5.0,7.0
Joelinton,346.0,418.0
Jofre,133.0,185.0
Carl Johansson,193.0,220.0
Ben Johnson,120.0,163.0
Brennan Johnson,174.0,248.0
Karl-Johan Johnsson,107.0,129.0
Sam Johnstone,136.0,206.0
Paul Joly,199.0,282.0
Curtis Jones,202.0,218.0
Frenkie de Jong,112.0,122.0
Joan Jordán,161.0,242.0
Jorginho,62.0,73.0
Jesse Joronen,205.0,273.0
Jota,85.0,118.0
Diogo Jota,73.0,109.0
Antoine Joujou,38.0,74.0
Luka Jović,15.0,20.0
Juanmi,34.0,43.0
Juanpe,200.0,220.0
Jubal,247.0,284.0
Abdulai Juma Bah,106.0,138.0
Anthony Jung,511.0,561.0
Hamed Junior Traorè,160.0,222.0
Vinicius Júnior,293.0,391.0
David Jurásek,49.0,79.0
Stanko Jurić,216.0,257.0
James Justin,392.0,486.0
Mohamed Kaba,3.0,5.0
Yusuf Kabadayı,16.0,25.0
Almugera Kabar,26.0,30.0
Christian Kabasele,312.0,364.0
Yaya Kader Fofana,164.0,210.0
Pavel Kadeřábek,196.0,296.0
Tino Kadewere,110.0,149.0
Ferdi Kadioglu,144.0,175.0
Arnaud Kalimuendo,115.0,149.0
Pierre Kalulu,678.0,725.0
Daichi Kamada,244.0,308.0
Waren Kamanzi,217.0,271.0
Boubacar Kamara,22.0,26.0
Glen Kamara,328.0,363.0
Hassane Kamara,234.0,299.0
Willy Kambwala,30.0,41.0
Jakub Kamiński,196.0,254.0
Kevin Kampl,370.0,413.0
Nordine Kandil,3.0,6.0
Harry Kane,187.0,225.0
Lee Kang-in,436.0,491.0
Yann Karamoh,22.0,32.0
Atakan Karazor,453.0,511.0
Jesper Karlsson,44.0,58.0
Jesper Karlström,392.0,467.0
Lior Kasa,7.0,8.0
Grigoris Kastanos,84.0,126.0
Mikkel Kaufmann,21.0,40.0
Michael Kayode,7.0,10.0
Moise Kean,96.0,131.0
Michael Keane,253.0,308.0
Yassine Kechta,222.0,276.0
Thilo Kehrer,574.0,637.0
Abdoulaye Keita,2.0,7.0
Mandela Keita,106.0,113.0
Andu Kelati,34.0,43.0
Caoimhín Kelleher,140.0,186.0
Lloyd Kelly,78.0,98.0
Aljoscha Kemlein,142.0,198.0
Marc-Oliver Kempf,568.0,641.0
Kenedy,1.0,2.0
Luca Kerber,16.0,18.0
Milos Kerkez,347.0,443.0
Reda Khadra,22.0,30.0
Bilal El Khannouss,95.0,117.0
Wahbi Khazri,100.0,149.0
Rani Khedira,243.0,341.0
Abdukodir Khusanov,308.0,359.0
Kialonda,444.0,520.0
Kiké,82.0,118.0
Max Kilman,481.0,557.0
Joshua Kimmich,1110.0,1218.0
Joshua King,85.0,107.0
Cédric Kipré,270.0,304.0
Jakub Kiwior,26.0,34.0
Tim Kleindienst,149.0,240.0
Lukas Klostermann,477.0,542.0
Justin Kluivert,127.0,178.0
Ansgar Knauff,91.0,137.0
Magnus Knudsen,311.0,354.0
Gregor Kobel,301.0,350.0
Robin Koch,516.0,573.0
Magnus Kofod Andersen,191.0,234.0
Derrick Köhn,176.0,204.0
Philipp Köhn,143.0,197.0
Dominik Kohr,330.0,424.0
Koke,634.0,736.0
Sead Kolašinac,374.0,415.0
Randal Kolo Muani,49.0,65.0
Marco Komenda,78.0,107.0
Mert Kömür,20.0,23.0
Ibrahima Konaté,612.0,671.0
Ismael Konate,1.0,3.0
Geoffrey Kondogbia,543.0,586.0
Abdoul Koné,32.0,48.0
Amadou Koné,90.0,97.0
Ismaël Koné,119.0,139.0
Manu Koné,326.0,363.0
Ezri Konsa,449.0,488.0
Teun Koopmeiners,262.0,317.0
Odilon Kossounou,144.0,162.0
Christian Kouamé,116.0,161.0
Henri Koudossou,54.0,71.0
Konstantinos Koulierakis,265.0,329.0
Jules Koundé,676.0,783.0
Boubakar Kouyaté,21.0,28.0
Mateo Kovačić,723.0,773.0
Matej Kovar,24.0,25.0
Mateusz Kowalski,8.0,12.0
Caleb Kporha,3.0,5.0
Emil Krafth,59.0,74.0
Alex Král,238.0,315.0
Andrej Kramarić,301.0,382.0
Frans Krätzig,36.0,41.0
Ladislav Krejčí,401.0,456.0
Rasmus Kristensen,268.0,347.0
Thomas Kristensen,90.0,106.0
Nikola Krstović,152.0,224.0
Lukas Kübler,313.0,415.0
Takefusa Kubo,248.0,343.0
Mohammed Kudus,167.0,204.0
Dejan Kulusevski,241.0,337.0
Sael Kumbedi,77.0,92.0
Marash Kumbulla,386.0,451.0
Daler Kuzyaev,137.0,175.0
Khvicha Kvaratskhelia,219.0,284.0
Moritz-Broni Kwarteng,37.0,43.0
Giorgos Kyriakopoulos,393.0,518.0
Rémy Labeau Lascary,73.0,104.0
Gaëtan Laborde,43.0,56.0
Nediljko Labrović,227.0,319.0
Alexandre Lacazette,133.0,192.0
Maxence Lacroix,297.0,376.0
Alban Lafont,239.0,348.0
Konrad Laimer,160.0,184.0
Stefan Lainer,101.0,129.0
Kenny Lala,429.0,543.0
Adam Lallana,180.0,204.0
Mathis Lambourde,3.0,4.0
Mohamed Lamine Bayo,28.0,39.0
Tariq Lamptey,4.0,4.0
Gianluca Lapadula,17.0,34.0
Cyle Larin,86.0,120.0
Gautier Larsonneur,269.0,418.0
Hugo Larsson,259.0,295.0
Juanmi Latasa,52.0,88.0
Toni Lato,112.0,156.0
Roméo Lavia,166.0,179.0
Valentino Lazaro,429.0,551.0
Darko Lazović,161.0,262.0
Manuel Lazzari,280.0,351.0
Julien Le Cardinal,258.0,301.0
Jérémy Le Douaron,11.0,14.0
Enzo Le Fée,199.0,231.0
Robin Le Normand,381.0,424.0
Nicola Leali,128.0,178.0
Rafael Leão,201.0,264.0
Benjamin Lecomte,185.0,277.0
Pierre Lees-Melou,216.0,247.0
Jordan Lefort,483.0,596.0
Diogo Leite,364.0,485.0
Maxim Leitsch,226.0,294.0
Florian Lejeune,487.0,592.0
Iñigo Lekue,141.0,184.0
Nunzio Lella,1.0,1.0
Thomas Lemar,6.0,6.0
Félix Lemaréchal,42.0,53.0
Mario Lemina,267.0,330.0
Clément Lenglet,156.0,183.0
Bernd Leno,360.0,433.0
Donovan Léon,219.0,381.0
Giovanni Leoni,18.0,22.0
Esteban Lepaul,25.0,38.0
Johann Lepenant,150.0,187.0
Jefferson Lerma,192.0,246.0
Louis Leroux,10.0,11.0
Robert Lewandowski,176.0,241.0
Jamie Leweling,182.0,254.0
Rico Lewis,427.0,468.0
Keane Lewis-Potter,175.0,227.0
Myles Lewis-Skelly,9.0,12.0
Philipp Lienhart,690.0,783.0
Matthijs de Ligt,423.0,463.0
Victor Lindelöf,33.0,36.0
Jesper Lindstrøm,89.0,134.0
Karol Linetty,255.0,295.0
Samuel Lino,245.0,301.0
Pol Lirola,134.0,174.0
Dailon Livramento,33.0,60.0
Valentino Livramento,290.0,365.0
Diego Llorente,659.0,766.0
Marcos Llorente,301.0,352.0
Gautier Lloris,432.0,503.0
Giovani Lo Celso,267.0,337.0
Stanislav Lobotka,355.0,400.0
Manuel Locatelli,694.0,763.0
Ruben Loftus-Cheek,198.0,225.0
Enzo Loiodice,146.0,180.0
Sean Longstaff,175.0,208.0
Ademola Lookman,227.0,305.0
David López,814.0,893.0
Diego López,163.0,238.0
Fermin López,88.0,101.0
Javi López,279.0,345.0
Roberto López,144.0,193.0
Unai López,352.0,416.0
Iker Losada,81.0,109.0
Anthony Losilla,184.0,233.0
Jordan Lotomba,17.0,21.0
Tom Louchet,41.0,61.0
Sandi Lovrić,200.0,264.0
Pol Lozano,190.0,238.0
Lorenzo Lucca,85.0,130.0
Jhon Lucumí,469.0,507.0
Yannik Lührs,19.0,24.0
José Luis Gayà,40.0,59.0
José Luis Palomino,156.0,184.0
Douglas Luiz,193.0,223.0
Romelu Lukaku,96.0,137.0
Castello Lukeba,411.0,469.0
Dodi Lukebakio,245.0,329.0
Saša Lukić,280.0,307.0
Milos Lukovic,2.0,3.0
Daniel Luna,8.0,13.0
Andriy Lunin,87.0,106.0
Massimo Luongo,32.0,45.0
Sebastiano Luperto,480.0,577.0
Zito Luvumbo,91.0,145.0
Charalambos Lykogiannis,212.0,276.0
Senne Lynen,334.0,398.0
Othmane Maamma,10.0,12.0
Ian Maatsen,91.0,112.0
Alexis Mac Allister,399.0,461.0
Deiver Machado,165.0,209.0
Shuto Machino,115.0,171.0
Darwin Machís,54.0,94.0
Yvann Macon,123.0,166.0
James Maddison,401.0,500.0
Eros Maddy,3.0,3.0
Noni Madueke,180.0,229.0
Pablo Maffeo,280.0,394.0
Gabriel Magalhães,527.0,600.0
Soungoutou Magassa,169.0,188.0
Giangiacomo Magnani,200.0,251.0
Hugo Magnetti,264.0,325.0
Frank Magri,37.0,54.0
Harry Maguire,153.0,177.0
Jon Magunacelaya,7.0,13.0
Arne Maier,168.0,211.0
Mike Maignan,399.0,463.0
Patrick Mainka,390.0,460.0
Kobbie Mainoo,255.0,289.0
Ainsley Maitland-Niles,310.0,391.0
Radosław Majecki,91.0,117.0
Lovro Majer,30.0,45.0
Jordy Makengo,19.0,19.0
Antoine Makoumbou,230.0,264.0
Nikola Maksimović,70.0,84.0
Julián Malatini,226.0,263.0
Daniel Maldini,153.0,215.0
Youssef Maleh,100.0,145.0
Donyell Malen,80.0,113.0
Ruslan Malinovskyi,105.0,118.0
Lennard Maloney,135.0,190.0
Giorgi Mamardashvili,226.0,337.0
Dennis Man,275.0,346.0
Hianga Mananga Mbock,14.0,17.0
Gianluca Mancini,641.0,744.0
Steve Mandanda,217.0,295.0
Reinildo Mandava,336.0,403.0
Aïssa Mandi,330.0,357.0
Rolando Mandragora,131.0,165.0
Orel Mangala,170.0,192.0
Orel Mangala,29.0,32.0
Ryan Manning,100.0,127.0
Javier Manquillo,294.0,330.0
Johan Manzambi,5.0,5.0
Alberto Manzoni,11.0,12.0
Sekou Mara,61.0,86.0
Alessandro Marcandalli,12.0,20.0
Marcão,223.0,254.0
Filip Marchwiński,4.0,5.0
Óscar de Marcos,364.0,455.0
Alberto Marí,2.0,4.0
Pablo Marí,631.0,696.0
José María Giménez,542.0,595.0
Luca Marianucci,1.0,1.0
Mirko Marić,17.0,28.0
Pablo Marín,15.0,24.0
Răzvan Marin,250.0,334.0
Guillermo Maripán,259.0,288.0
Mika Màrmol,313.0,376.0
Omar Marmoush,137.0,194.0
Mario Maroto,11.0,15.0
Marquinhos,746.0,789.0
Aarón Martín,274.0,417.0
Carlos Martín,36.0,65.0
Gerard Martín,167.0,198.0
Iván Martín,465.0,509.0
Jon Martin,20.0,30.0
Jonas Martin,220.0,253.0
Mario Martín,212.0,254.0
Gabriel Martinelli,152.0,213.0
Arnau Martinez,513.0,596.0
Emiliano Martínez,324.0,400.0
Iñigo Martínez,1003.0,1094.0
Javi Martínez,9.0,9.0
Lautaro Martínez,139.0,192.0
Lisandro Martínez,605.0,680.0
Lucas Martínez Quarta,222.0,250.0
Toni Martínez,50.0,95.0
Kevin Martins,5.0,5.0
Javi Martón,6.0,7.0
Adam Marušić,318.0,371.0
Marvin,143.0,192.0
Omar Mascarell,244.0,279.0
Adam Masina,561.0,658.0
Patrizio Masini,6.0,11.0
Erhan Mašović,204.0,248.0
Clinton Mata,306.0,375.0
Jaime Mata,36.0,53.0
Igor Matanovic,37.0,48.0
Pape Matar Sarr,284.0,328.0
Eliot Matazo,5.0,6.0
Jean-Philippe Mateta,83.0,127.0
Nemanja Matić,341.0,390.0
Chrislain Matsima,137.0,169.0
Jean Mattéo Bahoya,36.0,47.0
Alan Matturro,109.0,154.0
Azor Matusiwa,347.0,402.0
Neal Maupay,82.0,98.0
Stephy Mavididi,156.0,214.0
Konstantinos Mavropanos,308.0,370.0
Christian Mawissa,106.0,128.0
Keke Maximilian Topp,26.0,49.0
Borja Mayoral,20.0,37.0
Senny Mayulu,70.0,87.0
Noussair Mazraoui,430.0,506.0
Luca Mazzitelli,137.0,170.0
Pasquale Mazzocchi,117.0,150.0
Samuel Mbangula,101.0,115.0
Ethan Mbappé,35.0,42.0
Kylian Mbappé,268.0,320.0
Ibrahim Mbaye,30.0,35.0
Bryan Mbeumo,252.0,361.0
James Mcatee,4.0,4.0
Kasey McAteer,24.0,33.0
Oliver McBurnie,139.0,193.0
Alex McCarthy,46.0,53.0
John McGinn,144.0,183.0
Scott McKenna,373.0,437.0
Weston McKennie,130.0,158.0
Mark McKenzie,339.0,397.0
Dwight McNeil,270.0,371.0
Scott McTominay,10.0,10.0
Scott McTominay,184.0,216.0
Jakov Medić,239.0,278.0
Facundo Medina,542.0,619.0
Ben Mee,1.0,4.0
Henrik Meister,11.0,14.0
Bamo Meïté,26.0,28.0
Mateo Mejía,0.0,1.0
Farid El Melali,143.0,191.0
Filippo Melegoni,9.0,16.0
Nuno Mendes,344.0,382.0
Brais Méndez,290.0,354.0
Antoine Mendy,188.0,233.0
Ferland Mendy,417.0,448.0
Nampalys Mendy,71.0,77.0
Gideon Mensah,190.0,245.0
Alex Meret,198.0,253.0
Mikel Merino,93.0,124.0
Quentin Merlin,289.0,336.0
Víctor Meseguer,111.0,142.0
Rafik Messali,0.0,0.0
Junior Messias,40.0,55.0
Connor Metcalfe,54.0,88.0
Karol Mets,526.0,631.0
Thomas Meunier,332.0,427.0
Alexander Meyer,54.0,83.0
Florian Micheler,11.0,12.0
Miguel,56.0,112.0
Valentin Mihaila,169.0,221.0
Georges Mikautadze,120.0,156.0
Nikola Milenković,264.0,310.0
Vanja Milinković-Savić,330.0,461.0
Éder Militão,636.0,712.0
Luis Milla,432.0,592.0
Pere Milla,48.0,84.0
Enzo Millot,385.0,443.0
James Milner,55.0,73.0
Kim Min-jae,957.0,1036.0
Yerry Mina,389.0,446.0
Takumi Minamino,161.0,238.0
Lucas Mincarelli,97.0,126.0
Óscar Mingueza,546.0,717.0
Kim Minsu,9.0,10.0
Yankuba Minteh,79.0,130.0
Bojan Miovski,37.0,48.0
Rafa Mir,27.0,42.0
Juan Miranda,402.0,511.0
Fabio Miretti,68.0,98.0
Tyrick Mitchell,344.0,478.0
Kaoru Mitoma,265.0,357.0
Maximilian Mittelstädt,519.0,616.0
Koji Miyoshi,24.0,56.0
Henrikh Mkhitaryan,504.0,584.0
Jakub Moder,11.0,13.0
Rui Modesto,13.0,18.0
Luka Modrić,494.0,563.0
Max Moerstedt,13.0,17.0
Mostafa Mohamed,46.0,83.0
Johan Mojica,383.0,500.0
Alberto Moleiro,346.0,410.0
Nahuel Molina,403.0,527.0
Florent Mollet,44.0,51.0
Jon Moncayola,212.0,307.0
Gonzalo Montiel,7.0,9.0
Lorenzo Montipò,150.0,322.0
Mikey Moore,15.0,22.0
Álvaro Morata,111.0,143.0
Morato,10.0,20.0
Diego Moreira,308.0,417.0
Alberto Moreno,538.0,647.0
Álex Moreno,199.0,281.0
Gerard Moreno,38.0,48.0
Tete Morente,106.0,132.0
Ilaix Moriba,216.0,246.0
Manu Morlanes,334.0,378.0
Nikola Moro,307.0,379.0
Raúl Moro,211.0,316.0
Sam Morsy,448.0,502.0
Cristhian Mosquera,505.0,566.0
Daniel Mosquera,60.0,89.0
Yerson Mosquera,205.0,240.0
Dany Mota,131.0,180.0
Yael Mouanga,52.0,58.0
Aimen Moueffek,145.0,165.0
Youssoufa Moukoko,27.0,34.0
Steve Mounié,33.0,56.0
Mason Mount,32.0,44.0
Santiago Mouriño,77.0,99.0
Louis Mouton,117.0,146.0
Mykhailo Mudryk,28.0,42.0
Ngal'Ayel Mukau,200.0,218.0
Nordi Mukiele,51.0,60.0
Florian Müller,41.0,74.0
Kevin Müller,280.0,366.0
Thomas Müller,171.0,221.0
Abdul Mumin,358.0,451.0
Marshall Munetsi,142.0,191.0
Rodrigo Muniz,26.0,35.0
Aihen Muñoz,81.0,113.0
Álex Muñoz,443.0,539.0
Daniel Muñoz,350.0,465.0
Iker Muñoz,24.0,34.0
Javier Muñoz,336.0,423.0
Arijanet Muric,232.0,335.0
Murillo,357.0,450.0
Vedat Muriqi,118.0,199.0
Jacob Murphy,152.0,211.0
Yunus Musah,169.0,182.0
Jamal Musiala,267.0,321.0
Florent Muslija,55.0,79.0
Juan Musso,17.0,33.0
Juan Musso,23.0,29.0
Kingstone Mutandwa,9.0,13.0
Junior Mwanga,98.0,108.0
Phillipp Mwene,300.0,402.0
Vitaliy Mykolenko,258.0,344.0
Joakim Mæhle,100.0,126.0
Obite N'Dicka,828.0,874.0
Nathan N'Goumou,47.0,69.0
Stanley N'Soki,147.0,169.0
Mickael Nade,285.0,328.0
Mahamadou Nagida,26.0,32.0
Keito Nakamura,165.0,225.0
Sebastian Nanasi,197.0,256.0
Matija Nastasić,248.0,305.0
Natan,423.0,473.0
Pau Navarro,56.0,67.0
Roberto Navarro,163.0,216.0
Jesús Navas,149.0,191.0
Michel Ndary Adopo,168.0,193.0
Youssouf Ndayishimiye,343.0,383.0
Iliman Ndiaye,192.0,237.0
Junior Ndiaye,0.0,2.0
Rassoul Ndiaye,116.0,159.0
Wilfred Ndidi,329.0,415.0
Tanguy Ndombele,226.0,257.0
Dan Ndoye,164.0,228.0
Paul Nebel,162.0,213.0
Kosta Nedeljković,31.0,36.0
Loïc Nego,218.0,309.0
Reiss Nelson,0.0,0.0
Reiss Nelson,139.0,164.0
David Neres,67.0,90.0
Neto,40.0,62.0
Pedro Neto,182.0,225.0
Luca Netz,278.0,332.0
Manuel Neuer,358.0,405.0
Florian Neuhaus,27.0,36.0
João Neves,650.0,721.0
Yvan Neyou,283.0,337.0
Cyril Ngonge,32.0,43.0
Mikayil Ngor Faye,218.0,252.0
Steve Ngoura,13.0,18.0
Moussa Niakhate,461.0,519.0
Abdoulaye Niakhate Ndiaye,161.0,193.0
Ibrahima Niane,75.0,105.0
Tanguy Nianzou,285.0,314.0
Rasmus Nicolaisen,339.0,385.0
Moritz Nicolas,255.0,304.0
Hans Nicolussi Caviglia,234.0,301.0
Saúl Ñíguez,126.0,157.0
Eybi Nije,29.0,41.0
Justin Njinmah,46.0,80.0
Eddie Nketiah,88.0,122.0
Niels Nkounkou,94.0,133.0
Christopher Nkunku,66.0,71.0
Felix Nmecha,220.0,254.0
Lukas Nmecha,1.0,4.0
Arnaud Nordin,181.0,254.0
Brooke Norton-Cuffy,30.0,37.0
Tijjani Noslin,103.0,135.0
Hugo Novoa,49.0,63.0
Randy Nteka,46.0,66.0
Ernest Nuamah,67.0,82.0
Alexander Nübel,314.0,412.0
Matheus Nunes,142.0,174.0
Darwin Núñez,61.0,82.0
Unai Núñez,126.0,145.0
Antonio Nusa,171.0,225.0
Ethan Nwaneri,25.0,30.0
Ørjan Nyland,238.0,388.0
Allan Nyom,95.0,120.0
Rabby Nzingoula,156.0,206.0
M'Bala Nzola,73.0,99.0
Marwann Nzuzi,46.0,55.0
Christian Nørgaard,297.0,368.0
Jake O'Brien,12.0,15.0
Matt O'Riley,7.0,9.0
Dara O'Shea,269.0,350.0
Adam Obert,82.0,104.0
Jan Oblak,253.0,322.0
Lucas Ocampos,65.0,91.0
Jens Odgaard,117.0,147.0
Wilson Odobert,59.0,78.0
Álvaro Odriozola,22.0,30.0
Tim Oermann,58.0,74.0
Chiedozie Ogbene,32.0,43.0
Ifechukwu Ogbus,6.0,10.0
Hamzat Ojediran,95.0,114.0
Noah Okafor,76.0,101.0
Caleb Okoli,332.0,372.0
Yllan Okou,0.0,2.0
Maduka Okoye,320.0,417.0
Joseph Okumu,274.0,329.0
Olasagasti,29.0,34.0
Ben Old,62.0,86.0
Michael Olise,356.0,442.0
Brian Oliván,105.0,160.0
Lucas Oliveira Rosa,355.0,475.0
Mathías Olivera,383.0,466.0
Dani Olmo,112.0,138.0
Warmed Omari,6.0,6.0
Becir Omeragic,206.0,228.0
Jonas Omlin,119.0,147.0
Ado Onaiwu,110.0,149.0
Amadou Onana,283.0,317.0
André Onana,356.0,464.0
Karim Onisiwo,12.0,20.0
Paul Onuachu,13.0,24.0
Frank Onyeka,6.0,7.0
Frank Onyeka,217.0,266.0
Loïs Openda,117.0,186.0
Christopher Operi,366.0,517.0
Victor Orakpo,15.0,17.0
Gift Orban,22.0,33.0
Willi Orban,533.0,614.0
Ivan Ordets,121.0,155.0
Gaetano Oristanio,111.0,160.0
Aimar Oroz,296.0,359.0
Riccardo Orsolini,165.0,247.0
Gabriel Osei Misehouy,59.0,69.0
Gabriel Osho,325.0,362.0
Yordan Osorio,104.0,119.0
Patrick Osterhage,315.0,374.0
William Osula,1.0,2.0
Jibril Othman,1.0,1.0
David Otorbi,2.0,4.0
Dango Ouattara,75.0,141.0
Guimissongui Ouattara,14.0,16.0
Kassoum Ouattara,83.0,96.0
Remi Oudin,66.0,99.0
Assan Ouedraogo,12.0,17.0
Zinédine Ould Khaled,15.0,17.0
Beres Owusu,20.0,32.0
Elisha Owusu,261.0,325.0
Mikel Oyarzabal,119.0,161.0
Salih Özcan,142.0,185.0
Cenk Özkacar,61.0,63.0
Jon Pacheco,200.0,230.0
Willian Pacho,795.0,839.0
Alex Padilla,67.0,121.0
Exequiel Palacios,124.0,132.0
Tiago Palacios,14.0,14.0
Isaac Palazón Camacho,175.0,234.0
Alberto Paleari,28.0,32.0
Marco Palestra,33.0,43.0
João Palhinha,284.0,303.0
Nicolas Pallois,208.0,241.0
Cole Palmer,318.0,433.0
Emerson Palmieri,360.0,448.0
Mats Pannewig,24.0,35.0
Lucas Paquetá,365.0,476.0
Aitor Paredes,311.0,362.0
Leandro Paredes,102.0,120.0
Daniel Parejo,512.0,570.0
Fabiano Parisi,63.0,77.0
Thomas Partey,529.0,608.0
Mario Pašalić,488.0,545.0
Felix Passlack,235.0,367.0
Patric,277.0,318.0
Benjamin Pavard,555.0,603.0
Aleksandar Pavlovic,417.0,444.0
Strahinja Pavlović,445.0,497.0
Leonardo Pavoletti,25.0,47.0
Martín Payero,153.0,199.0
Nicolás Paz,322.0,405.0
Mads Pedersen,55.0,71.0
Marcus Pedersen,99.0,145.0
Pedri,617.0,716.0
Pedro,108.0,134.0
Kévin Pedro,6.0,11.0
Adrià Pedrosa,350.0,466.0
Jordan Pefok,62.0,87.0
Pejiño,6.0,7.0
Pietro Pellegri,29.0,43.0
Lorenzo Pellegrini,261.0,331.0
Luca Pellegrini,59.0,77.0
Théo Pellenard,15.0,20.0
Andy Pelmard,27.0,34.0
Timothee Pembele,47.0,66.0
Faris Pemi Moumbagna,0.0,0.0
Iñaki Peña ,306.0,346.0
Rubén Peña,49.0,96.0
Nicolas Pépé,196.0,244.0
Peque,116.0,144.0
Andreas Pereira,317.0,454.0
Mathias Pereira Lage,70.0,108.0
Pedro Pereira,239.0,307.0
Ricardo Pereira,76.0,88.0
Gastón Pereiro,11.0,15.0
Ayoze Pérez,95.0,117.0
Carles Pérez,139.0,210.0
Francisco Perez,4.0,9.0
Kike Pérez,233.0,299.0
Luis Pérez,395.0,525.0
Nehuén Pérez,49.0,60.0
Simone Perilli,9.0,23.0
Mattia Perin,81.0,103.0
Romain Perraud,402.0,514.0
Lucas Perri,245.0,334.0
Gaëtan Perrin,195.0,266.0
Máximo Perrone,468.0,518.0
Matteo Pessina,424.0,490.0
Andrea Petagna,27.0,46.0
Léo Pétrot,192.0,258.0
Đorđe Petrović,303.0,405.0
Giuseppe Pezzella,197.0,329.0
Kalvin Phillips,211.0,269.0
Jaden Philogene Bidace,35.0,45.0
Pica,138.0,174.0
Roberto Piccoli,116.0,164.0
Benedikt Pichler,95.0,149.0
Jordan Pickford,267.0,430.0
Amos Pieper,177.0,210.0
Marvin Pieringer,114.0,188.0
Nicholas Pierini,15.0,20.0
Santiago Pierotti,61.0,85.0
Balthazar Pierret,210.0,243.0
Andrea Pinamonti,108.0,172.0
Ethan Pinnock,519.0,610.0
Yeremi Pino,101.0,138.0
Niccolò Pisilli,208.0,243.0
Semuel Pizzignacco,77.0,103.0
Alassane Pléa,197.0,279.0
Tommaso Pobega,54.0,66.0
Daniel Podence,11.0,16.0
Joel Pohjanpalo,117.0,185.0
Matteo Politano,251.0,372.0
Marin Pongračić,44.0,51.0
Nick Pope,222.0,327.0
Finn Porath,140.0,231.0
Pedro Porro,540.0,734.0
Portu,41.0,53.0
Stefan Posch,347.0,439.0
Tom Pouilly,24.0,36.0
Yussuf Poulsen,36.0,68.0
Beñat Prados,251.0,307.0
Alexander Prass,309.0,426.0
Matteo Prati,80.0,104.0
Abdón Prats,20.0,30.0
Grischa Prömel,80.0,95.0
Ivan Provedel,337.0,439.0
Javi Puado,143.0,181.0
Tymoteusz Puchacz,115.0,167.0
Christian Pulisic,284.0,372.0
Jarell Quansah,25.0,28.0
Leopold Querfeld,51.0,68.0
Dani Raba,63.0,97.0
Adrien Rabiot,250.0,279.0
Hamza Rafia,214.0,263.0
Antonio Raillo,534.0,623.0
Antonio Raimondo,13.0,21.0
Ylber Ramadani,397.0,475.0
Benito Ramírez,148.0,182.0
Sandro Ramírez,114.0,165.0
Gonçalo Ramos,1.0,2.0
Aaron Ramsdale,316.0,415.0
Jacob Ramsey,223.0,262.0
Luca Ranieri,500.0,561.0
Grant Ranos,1.0,3.0
Lilian Raolisoa,55.0,71.0
Raphinha,382.0,547.0
Marcus Rashford,205.0,279.0
Giacomo Raspadori,66.0,98.0
Andrei Ratiu,384.0,478.0
Raúl,36.0,60.0
David Raum,246.0,340.0
Federico Ravaglia,112.0,135.0
Rayan Raveloson,227.0,261.0
David Raya,275.0,397.0
Abderrahman Rebbach,68.0,111.0
Ante Rebić,78.0,124.0
Harrison Reed,28.0,39.0
Bobby Reid,39.0,54.0
Tijjani Reijnders,367.0,404.0
Pepe Reina,133.0,175.0
Rocco Reitz,260.0,323.0
Nicolai Remberg,122.0,179.0
Álex Remiro,335.0,436.0
Guillaume Restes,245.0,328.0
Mateo Retegui,134.0,173.0
Elvis Rexhbeçaj,191.0,283.0
Gio Reyna,10.0,13.0
Chadi Riad,70.0,82.0
Alexsandro Ribeiro,586.0,655.0
Samuele Ricci,433.0,492.0
Declan Rice,376.0,467.0
Chris Richards,127.0,152.0
Amir Richardson,211.0,233.0
Richarlison,23.0,34.0
Diego Rico,405.0,610.0
Fabian Rieder,166.0,245.0
Luis Rioja,5.0,11.0
Luis Rioja,163.0,265.0
Rodrigo Riquelme,155.0,194.0
Alberto Risco,25.0,34.0
Mihailo Ristić,39.0,51.0
Lars Ritzka,112.0,153.0
Gorka Rivera Alonso,5.0,11.0
Sergi Roberto,363.0,397.0
Andrew Robertson,494.0,595.0
Antonee Robinson,477.0,608.0
Marc Roca,382.0,434.0
Rodri,57.0,61.0
Rodri,56.0,66.0
Álvaro Rodríguez,27.0,48.0
Óscar Rodríguez Arnaiz,104.0,148.0
Damián Rodríguez,386.0,441.0
Dani Rodríguez,171.0,245.0
Guido Rodríguez,325.0,393.0
James Rodríguez,78.0,98.0
Javi Rodríguez,449.0,518.0
Kirian Rodríguez,639.0,751.0
Ricardo Rodríguez,159.0,199.0
Rodrygo,305.0,354.0
Mads Roerslev,201.0,251.0
Morgan Rogers,193.0,255.0
Merlin Röhl,30.0,39.0
Alessio Romagnoli,423.0,470.0
Leo Román,84.0,137.0
Carlos Romero,254.0,364.0
Cristian Romero,790.0,875.0
Isaac Romero,114.0,164.0
Luka Romero,29.0,41.0
Oriol Romeu,233.0,263.0
Valentin Rongier,110.0,125.0
Marten de Roon,703.0,814.0
Vitor Roque,65.0,89.0
Pablo Rosario,305.0,351.0
Lasse Rosenboom,33.0,53.0
Max Rosenfelder,196.0,228.0
Valentin Rosier,303.0,403.0
Tom Rothe,172.0,274.0
Anthony Rouault,280.0,311.0
Jonas Rouhi,60.0,70.0
Jérôme Roussillon,2.0,4.0
Nicolò Rovella,519.0,568.0
Jon Rowe,106.0,129.0
Amir Rrahmani,668.0,724.0
Tommaso Rubino,1.0,3.0
Antonio Rüdiger,733.0,803.0
Matteo Ruggeri,495.0,588.0
Aitor Ruibal,155.0,192.0
Abel Ruiz,127.0,141.0
Ferrán Ruiz,3.0,6.0
Fabián Ruiz Peña,411.0,444.0
Gerónimo Rulli,337.0,411.0
Georginio Rutter,110.0,150.0
Julian Ryerson,315.0,356.0
Frederik Rønnow,234.0,332.0
José Sá,116.0,206.0
Elias Saad,61.0,81.0
Youssouf Sabaly,232.0,283.0
Emmanuel Sabbi,40.0,54.0
Stefano Sabelli,132.0,245.0
Marcel Sabitzer,276.0,332.0
Falaye Sacko,393.0,468.0
Umar Sadiq,24.0,44.0
Alexis Saelemaekers,40.0,48.0
Alexis Saelemaekers,66.0,78.0
Jorge Sáenz,302.0,365.0
Matvei Safonov,88.0,114.0
Modibo Sagnan,337.0,382.0
Richie Sagrado,16.0,19.0
Osame Sahraoui,226.0,263.0
Wesley Saïd,72.0,92.0
Bukayo Saka,246.0,321.0
Marco Sala,59.0,78.0
Ibrahim Salah,72.0,103.0
Mohamed Salah,248.0,346.0
Amine Salama,36.0,46.0
Kike Salas,255.0,325.0
Manolis Saliakas,256.0,370.0
William Saliba,538.0,570.0
Mohammed Salisu,255.0,303.0
Roland Sallai,11.0,17.0
Yoann Salmier,220.0,265.0
Lazar Samardzic,183.0,232.0
Diadie Samassékou,4.0,5.0
Mama Samba Baldé,4.0,6.0
Mama Samba Baldé,65.0,95.0
Brice Samba,317.0,397.0
Albert Sambi Lokonga,290.0,315.0
Junior Sambia,3.0,5.0
Chuky san jose,7.0,12.0
Antonio Sanabria,107.0,132.0
Oihan Sancet,210.0,255.0
Antonio Sánchez,165.0,234.0
Iván Sánchez,128.0,178.0
Javi Sánchez,279.0,326.0
Juanlu Sánchez,123.0,150.0
Manu Sánchez,283.0,407.0
Robert Sánchez,349.0,455.0
Jadon Sancho,107.0,132.0
Philipp Sander,170.0,220.0
Leroy Sané,111.0,138.0
Arouna Sangante,232.0,278.0
Ibrahim Sangaré,86.0,113.0
Nhoa Sangui,204.0,252.0
Kaishu Sano,279.0,357.0
Nicola Sansone,16.0,19.0
Baptiste Santamaria,249.0,302.0
Jesús Santiago,40.0,57.0
Andrey Santos,424.0,486.0
Kauã Santos,97.0,134.0
Tiago Santos,175.0,223.0
Pablo Sarabia,60.0,94.0
Jeremy Sarmiento,6.0,6.0
Amin Sarr,45.0,62.0
Ismaila Sarr,98.0,146.0
Malang Sarr,74.0,87.0
Mamadou Sarr,227.0,246.0
Martin Satriano,10.0,18.0
Téji Savanier,381.0,530.0
Sávio,257.0,328.0
Nicolò Savona,484.0,530.0
Saba Sazonov,0.0,0.0
Joe Scally,496.0,586.0
Kevin Schade,60.0,107.0
András Schäfer,154.0,201.0
Fabian Schär,423.0,512.0
Patrik Schick,43.0,56.0
Stefan Schimmer,15.0,23.0
Joël Schingtienne,28.0,29.0
Keven Schlotterbeck,364.0,429.0
Nico Schlotterbeck,805.0,895.0
Jeffrey Schlupp,33.0,41.0
Romano Schmid,379.0,494.0
Niklas Schmidt,107.0,137.0
Jan Schöppner,233.0,300.0
Marvin Schulz,43.0,53.0
Léo Scienza,122.0,191.0
Alex Scott,116.0,132.0
Simone Scuffet,249.0,339.0
Jérémy Sebas,3.0,4.0
Aleksandar Sedlar,117.0,147.0
Alidu Seidu,419.0,511.0
Nicolas Seiwald,201.0,234.0
Matz Sels,160.0,306.0
Nélson Semedo,298.0,360.0
Antoine Semenyo,223.0,315.0
Marvin Senaya,84.0,103.0
Marcos Senesi,369.0,484.0
Suat Serdar,90.0,116.0
Sergi,554.0,668.0
Nicolás Serrano,19.0,31.0
Benjamin Šeško,126.0,190.0
Stephan El Shaarawy,161.0,208.0
Alen Sherri,21.0,24.0
Eldor Shomurodov,22.0,27.0
Djibril Sidibé,398.0,498.0
Armindo Sieb,68.0,101.0
Vincent Sierro,450.0,597.0
Tim Siersleben,21.0,26.0
Kiliann Sildillia,24.0,30.0
André Silva,13.0,17.0
Bernardo Silva,458.0,530.0
Caio Henrique Oliveira Silva,371.0,472.0
Fábio Silva,113.0,176.0
Jota Silva,30.0,53.0
Eric da Silva Moreira,0.0,0.0
Rui Silva,357.0,451.0
Abdallah Sima,45.0,66.0
Mohamed Simakan,42.0,50.0
Giovanni Simeone,36.0,49.0
Giuliano Simeone,94.0,130.0
Moses Simon,180.0,269.0
Xavi Simons,267.0,343.0
Jahmai Simpson-Pusey,99.0,107.0
Danel Sinani,27.0,42.0
Lassine Sinayoko,204.0,261.0
Wilfried Singo,432.0,502.0
Luis Sinisterra,54.0,70.0
Daley Sinkgraven,50.0,66.0
Jailson Siqueira,316.0,351.0
Ibrahim Sissoko,90.0,139.0
Ibrahima Sissoko,235.0,298.0
Niama Sissoko,2.0,5.0
Antonio Sivera,214.0,384.0
Tim Skarke,44.0,65.0
Ellyes Skhiri,269.0,310.0
Oliver Skipp,142.0,162.0
Leo Skiri Østigård,288.0,348.0
Łukasz Skorupski,216.0,272.0
Robert Skov,40.0,58.0
Milan Škriniar,260.0,271.0
Steven Skrzybski,84.0,125.0
Naatan Skyttä,4.0,4.0
William Smallbone,91.0,127.0
Adam Smith,183.0,236.0
Eric Smith,365.0,467.0
Justin Smith,2.0,5.0
Emile Smith Rowe,397.0,440.0
Eduard Sobol,1.0,1.0
Simon Sohm,279.0,335.0
Alex Sola,118.0,183.0
Dominic Solanke,107.0,151.0
Ola Solbakken,72.0,112.0
Carlos Soler,89.0,105.0
Jhon Solis,153.0,169.0
Yann Sommer,373.0,430.0
David Soria,172.0,313.0
Juan Soriano,98.0,185.0
Borna Sosa,153.0,182.0
Ramón Sosa,33.0,49.0
Hugo Sotelo,435.0,495.0
Florian Sotoca,202.0,282.0
Riccardo Sottil,88.0,126.0
Tomáš Souček,209.0,260.0
Matìas Soulé,247.0,305.0
Boubakary Soumaré,85.0,97.0
Issa Soumaré,70.0,119.0
Djibril Sow,224.0,254.0
Saidou Sow,469.0,522.0
Djed Spence,33.0,37.0
Leonardo Spinazzola,110.0,137.0
Anton Stach,503.0,588.0
Jens Stage,201.0,258.0
Filip Stankovic,134.0,176.0
Jay Stansfield,0.0,0.0
Carl Starfelt,613.0,650.0
Niklas Stark,202.0,244.0
Lucas Stassin,58.0,84.0
Jason Steele,101.0,112.0
Orri Steinn Óskarsson,35.0,60.0
Pascal Stenzel,71.0,83.0
Jack Stephens,470.0,500.0
Raheem Sterling,30.0,43.0
Enzo Sternal,7.0,8.0
Ross Stewart,36.0,45.0
Angelo Stiller,687.0,768.0
Kevin Stöger,339.0,458.0
Stoichkov,99.0,164.0
Petar Stojanović,1.0,3.0
John Stones,144.0,166.0
Jørgen Strand Larsen,81.0,139.0
Gabriel Strefezza,307.0,409.0
Cristhian Stuani,18.0,27.0
Álex Suárez,440.0,516.0
Denis Suárez,17.0,24.0
Gabriel Suazo,191.0,240.0
Luka Sučić,292.0,342.0
Yukinari Sugawara,364.0,450.0
Niklas Süle,337.0,354.0
Ibrahim Sulemana,18.0,20.0
Kamaldeen Sulemana,1.0,1.0
Crysencio Summerville,75.0,107.0
Tomáš Suslov,94.0,128.0
Suso,51.0,66.0
Zion Suzuki,313.0,463.0
Mattias Svanberg,49.0,63.0
Marin Šverko,187.0,225.0
Mile Svilar,308.0,408.0
Michael Svoboda,563.0,659.0
Williot Swedberg,95.0,131.0
Abakar Sylla,371.0,426.0
Issiaga Sylla,133.0,166.0
Mamadou Sylla,49.0,83.0
Sammie Szmodics,76.0,104.0
Dominik Szoboszlai,364.0,423.0
Alexander Sørloth,96.0,155.0
Musa Al-Taamari,81.0,98.0
Haris Tabakovic,21.0,33.0
Nicolás Tagliafico,315.0,362.0
Jonathan Tah,662.0,711.0
Adrien Tameze,123.0,146.0
Renato Tapia,230.0,314.0
Edmond Tapsoba,593.0,696.0
Florian Tardieu,97.0,121.0
Mehdi Taremi,58.0,74.0
Oussama Targhalline,216.0,276.0
James Tarkowski,332.0,417.0
César Tárrega,316.0,414.0
Nuno Tavares,306.0,396.0
Marcus Tavernier,239.0,339.0
Charlie Taylor,124.0,147.0
Jack Taylor,75.0,90.0
Loum Tchaouna,46.0,65.0
Jackson Tchatchoua,279.0,355.0
Enzo Tchato,248.0,323.0
Aurélien Tchouaméni,606.0,654.0
Álvaro Tejero,210.0,298.0
Martín Tejón,20.0,26.0
Mathys Tel,45.0,54.0
Nathan Tella,24.0,36.0
Nahuel Tenaglia,234.0,359.0
Casper Tengstedt,97.0,150.0
Marc-André ter Stegen,186.0,203.0
Filippo Terracciano,169.0,190.0
Pietro Terracciano,70.0,89.0
Ramón Terrats,43.0,55.0
Martin Terrier,124.0,147.0
Tanner Tessmann,113.0,130.0
Kenny Tete,457.0,559.0
Teddy Teuma,145.0,186.0
Jordan Teze,94.0,115.0
Florian Thauvin,160.0,243.0
Arthur Theate,332.0,404.0
Malick Thiaw,317.0,337.0
Denis Thomalla,1.0,1.0
Sorba Thomas,155.0,254.0
Adrien Thomasson,408.0,508.0
Morten Thorsby,94.0,154.0
Khéphren Thuram,277.0,317.0
Marcus Thuram,146.0,208.0
Youri Tielemans,584.0,712.0
Phillip Tietz,117.0,186.0
Jurriën Timber,222.0,279.0
Jean-Clair Todibo,253.0,283.0
Harry Toffolo,22.0,30.0
Umut Tohumcu,91.0,106.0
Corentin Tolisso,315.0,375.0
Rafael Tolói,12.0,14.0
Tiago Tomás,104.0,165.0
Takehiro Tomiyasu,3.0,4.0
Fikayo Tomori,392.0,420.0
Sandro Tonali,122.0,161.0
Pablo Torre,101.0,125.0
David Torres,302.0,353.0
Ferrán Torres,77.0,102.0
Pau Torres,562.0,650.0
Lucas Torró,365.0,504.0
Abdoulaye Touré,298.0,368.0
Birama Touré,102.0,123.0
Ousmane Toure,4.0,6.0
Souleymane Touré,308.0,335.0
Lucas Tousart,17.0,30.0
Conor Townsend,0.0,0.0
Adama Traoré,178.0,245.0
Hamari Traoré,156.0,196.0
Omar Traoré,284.0,415.0
Kevin Trapp,204.0,271.0
Mark Travers,51.0,72.0
Óscar Trejo,73.0,89.0
Philipp Treu,334.0,411.0
Ryan Trevitt,4.0,7.0
Christopher Trimmel,163.0,256.0
Kieran Trippier,198.0,246.0
Leandro Trossard,133.0,183.0
Adrien Truffert,337.0,446.0
Kostas Tsimikas,180.0,209.0
Viktor Tsyhankov,166.0,217.0
Axel Tuanzebe,212.0,258.0
Stefano Turati,220.0,315.0
Beñat Turrientes,184.0,215.0
Tuta,458.0,506.0
Chrisantus Uche,152.0,222.0
Destiny Udogie,487.0,558.0
Manuel Ugarte Ribeiro,119.0,133.0
Lesley Ugochukwu,62.0,75.0
Lukas Ullrich,45.0,66.0
Sven Ulreich,25.0,30.0
Enes Ünal,22.0,37.0
Deniz Undav,150.0,208.0
Naci Ünüvar,13.0,18.0
Dayot Upamecano,953.0,1022.0
Kacper Urbanski,97.0,116.0
Can Uzun,33.0,39.0
Josha Vagnoman,265.0,317.0
Óscar Valentín,299.0,370.0
Germán Valera,8.0,12.0
Emanuele Valeri,197.0,297.0
Martin Valjent,341.0,391.0
Jesús Vallejo,12.0,14.0
Mattia Valoti,12.0,18.0
Federico Valverde,670.0,748.0
Ignace Van Der Brempt,209.0,250.0
Virgil van Dijk,844.0,924.0
Vanderson,295.0,380.0
Maarten Vandevoordt,15.0,17.0
Jamie Vardy,72.0,115.0
Ruben Vargas,97.0,118.0
Nikola Vasilj,308.0,430.0
Devis Vásquez,223.0,397.0
Johan Vásquez,436.0,528.0
Denis Vavro,267.0,320.0
José Luis García Vayá,449.0,588.0
Jesus Vazquez,206.0,274.0
Lucas Vázquez,298.0,347.0
Matías Vecino,170.0,205.0
Renato Veiga,111.0,130.0
Alejo Véliz,70.0,98.0
Miloš Veljković,149.0,170.0
Joël Veltman,378.0,476.0
Micky van de Ven,560.0,607.0
Nikolas Veratschnig,2.0,3.0
Bart Verbruggen,290.0,357.0
Simone Verdi,14.0,28.0
Jordan Veretout,288.0,351.0
Arthur Vermeeren,245.0,289.0
Yorbe Vertessen,89.0,136.0
Mikel Vesga,161.0,197.0
Jannik Vestergaard,203.0,224.0
Ben Viadere,2.0,6.0
Guglielmo Vicario,370.0,403.0
Carlos Vicente,210.0,320.0
Pau Victor Delgado,53.0,67.0
Nacho Vidal,35.0,44.0
Gabriel Vidovic,6.0,6.0
Samuele Vignato,54.0,74.0
Asier Villalibre,27.0,39.0
Iván Villar,95.0,117.0
Nicolas Viola,97.0,157.0
Viti,263.0,324.0
Mattia Viti,390.0,470.0
Vitinha,56.0,96.0
Vitinha,618.0,675.0
Daniel Vivian,520.0,594.0
Dušan Vlahović,108.0,157.0
Vanja Vlahović,1.0,3.0
Nikola Vlašić,101.0,131.0
Alessandro Vogliacco,223.0,280.0
Kevin Vogt,443.0,514.0
Mërgim Vojvoda,350.0,415.0
Aster Vranckx,30.0,35.0
Stefan de Vrij,312.0,332.0
Ibrahima Wadji,8.0,10.0
Robert Wagner,90.0,120.0
Elye Wahi,76.0,97.0
Hauke Wahl,416.0,495.0
Kyle Walker,379.0,430.0
Kyle Walker-Peters,533.0,587.0
Christian Walton,33.0,42.0
Sebastian Walukiewicz,285.0,339.0
Sebastian Walukiewicz,48.0,62.0
Aaron Wan-Bissaka,343.0,427.0
Paul Wanner,192.0,269.0
James Ward-Prowse,11.0,15.0
James Ward-Prowse,114.0,145.0
Kjell-Arik Wätjen,0.0,0.0
Ollie Watkins,81.0,109.0
Timothy Weah,145.0,175.0
Adam Webster,69.0,78.0
Julian Weigl,512.0,580.0
Timon Weiner,253.0,387.0
Nelson Weiper,10.0,17.0
Mitchell Weiser,290.0,392.0
Noah Weißhaupt,37.0,50.0
Danny Welbeck,175.0,213.0
Timo Werner,88.0,135.0
Adam Wharton,285.0,362.0
Ben White,294.0,352.0
Silvan Widmer,57.0,77.0
Mats Wieffer,148.0,178.0
Mateusz Wieteska,54.0,61.0
Caleb Wiley,80.0,104.0
Iñaki Williams,174.0,277.0
Neco Williams,105.0,149.0
Nico Williams,204.0,287.0
Joe Willock,98.0,122.0
Harry Wilson,36.0,47.0
Patrick Wimmer,52.0,87.0
Jonas Wind,91.0,130.0
Harry Winks,480.0,555.0
Florian Wirtz,556.0,685.0
Yoane Wissa,112.0,139.0
Dani de Wit,153.0,204.0
Axel Witsel,304.0,339.0
Maximilian Wittek,325.0,475.0
Marius Wolf,203.0,299.0
Nick Woltemade,21.0,31.0
Jeong Woo-yeong,169.0,215.0
Chris Wood,103.0,156.0
Christopher Wooh,450.0,513.0
Luke Woolfenden,190.0,216.0
Granit Xhaka,847.0,941.0
Lamine Yamal,355.0,460.0
Yehor Yarmoliuk,86.0,107.0
Ryan Yates,300.0,358.0
John Yeboah,50.0,65.0
Bertuğ Yıldırım,53.0,96.0
Kenan Yıldız,285.0,345.0
Ashley Young,326.0,446.0
Etienne Youte Kinkoue,255.0,287.0
Illia Zabarnyi,446.0,532.0
Mattia Zaccagni,213.0,295.0
Dan-Axel Zagadou,9.0,9.0
Yoram Zague,106.0,115.0
Wilfried Zaha,26.0,30.0
Warren Zaïre-Emery,513.0,556.0
Miha Zajc,72.0,88.0
Denis Zakaria,348.0,387.0
Nicola Zalewski,180.0,244.0
Andre-Frank Zambo Anguissa,534.0,616.0
Francesco Zampano,251.0,330.0
Nicolò Zaniolo,43.0,52.0
Alessandro Zanoli,111.0,154.0
Duván Zapata,87.0,126.0
Gabriele Zappa,479.0,603.0
Davide Zappacosta,310.0,367.0
Bryan Zaragoza,138.0,228.0
Anass Zaroury,90.0,158.0
Oier Zarraga,116.0,139.0
Jordan Zemura,159.0,209.0
Robin Zentner,244.0,364.0
Alessio Zerbin,0.0,0.0
Kevin Zeroli,9.0,9.0
Cedric Zesiger,188.0,236.0
Michael Zetterer,313.0,391.0
Nathan Zeze,322.0,368.0
Edon Zhegrova,249.0,329.0
Piotr Zieliński,205.0,235.0
Oleksandr Zinchenko,79.0,98.0
Joshua Zirkzee,94.0,127.0
Luc Zogbé,96.0,124.0
Nadir Zortea,140.0,206.0
Aristide Zossou,6.0,6.0
Yanis Zouaoui,70.0,96.0
Igor Zubeldia,585.0,675.0
Martín Zubimendi,617.0,716.0
Martin Ødegaard,115.0,144.0
Milan Đurić,83.0,172.0
